frame,n_atoms_ok,A_centroid_to_cluster_centroid,max_mol_min_dist,min_A_S,mol10_min,mol1_min,mol2_min,mol3_min,mol4_min,mol5_min,mol6_min,mol7_min,mol8_min,mol9_min,n_far,n_in_shell,n_in_shell_3.5,n_in_shell_5
0,1,0.219,9.64,4.156,9.64,8.513,9.305,9.428,6.842,4.156,5.18,8.803,8.147,8.293,7,0,0,1
1,1,0.259,9.247,4.213,9.247,8.796,9.104,8.492,7.14,4.213,4.697,8.486,8.648,8.103,7,0,0,2
2,1,0.37,9.646,4.4,8.932,9.646,9.21,8.474,6.972,4.4,4.979,8.567,9.012,7.538,6,0,0,2
3,1,0.491,10.156,4.604,9.365,10.156,9.296,8.609,7.288,4.604,4.971,8.469,9.481,6.903,6,0,0,2
4,1,0.609,9.893,3.688,9.263,9.893,9.848,8.421,7.853,4.491,3.688,8.37,9.074,6.145,6,1,0,2
5,1,0.69,9.891,3.143,9.108,9.886,9.578,9.134,8.127,3.996,3.143,7.421,9.891,6.042,6,2,1,2
6,1,0.801,10.4,2.758,9.137,9.591,9.061,10.077,8.013,2.787,2.758,6.761,10.4,5.45,6,2,2,2
7,1,0.9,10.339,2.587,9.071,9.344,8.047,9.079,7.652,3.023,2.587,6.517,10.339,4.647,5,2,2,3
8,1,1.045,10.021,3.172,8.676,9.343,7.652,9.053,7.416,3.172,3.231,6.32,10.021,4.656,4,2,2,3
9,1,1.214,9.689,2.816,8.498,9.071,7.473,9.689,7.238,3.671,2.816,6.009,9.378,4.339,4,2,1,3
10,1,1.338,9.755,2.374,7.88,9.349,7.036,9.755,7.568,4.194,2.374,5.893,8.801,4.535,3,1,1,3
11,1,1.447,9.157,2.342,7.319,9.124,6.848,9.157,7.977,4.86,2.342,5.72,8.659,4.742,3,1,1,3
12,1,1.546,8.81,2.836,7.246,8.745,6.072,8.673,8.077,4.99,2.836,5.724,8.81,4.817,4,1,1,3
13,1,1.686,9.447,2.259,6.776,8.699,6.14,9.447,8.393,4.978,2.259,6.164,8.756,4.905,4,1,1,3
14,1,1.835,9.739,2.922,6.843,9.081,6.095,9.739,9.235,5.286,2.922,5.497,7.851,4.693,3,1,1,2
15,1,2.064,9.522,2.646,6.156,8.819,6.046,8.375,9.522,4.829,2.646,5.619,6.752,4.445,3,1,1,3
16,1,2.264,10.156,1.951,6.398,8.764,7.26,7.98,10.156,4.89,1.951,4.869,5.974,5.319,2,1,1,3
17,1,2.382,10.277,2.589,5.566,8.182,7.528,7.863,10.277,5.762,2.589,4.402,5.58,4.437,2,1,1,3
18,1,2.468,10.127,2.378,5.135,7.944,7.408,8.414,10.127,5.692,2.378,3.632,5.646,4.697,2,2,1,3
19,1,2.538,9.816,2.409,4.62,8.179,7.563,8.639,9.816,6.009,2.409,3.161,4.48,4.252,3,2,2,5
20,1,2.614,9.886,2.249,3.882,8.348,7.647,8.089,9.886,6.08,2.841,2.249,3.866,4.02,3,4,2,5
21,1,2.697,9.803,1.937,3.785,8.804,8.448,8.007,9.803,6.557,3.141,1.937,3.956,5.007,4,4,2,4
22,1,2.863,10.056,2.245,3.634,9.516,8.672,8.039,10.056,7.087,3.029,2.245,4.229,5.279,4,3,2,4
23,1,3.099,10.121,2.683,3.525,9.446,8.328,6.986,10.121,7.686,3.355,2.683,4.093,5.142,3,3,2,4
24,1,3.314,10.58,2.432,3.652,9.334,7.929,6.607,10.58,7.79,3.422,2.432,4.006,5.143,2,3,2,4
25,1,3.47,11.053,2.68,2.68,9.563,7.673,7.029,11.053,8.13,3.848,2.866,3.647,4.902,3,4,2,5
26,1,3.57,11.34,2.323,2.323,9.969,7.823,7.668,11.34,8.33,3.959,2.495,3.809,5.167,3,4,2,4
27,1,3.715,11.761,2.252,2.891,9.816,7.855,6.905,11.761,8.52,4.1,2.252,3.98,5.115,3,3,2,4
28,1,3.892,12.468,2.149,2.149,9.864,8.149,6.369,12.468,8.786,4.528,2.353,5.037,5.699,4,2,2,3
29,1,4.072,12.158,2.314,2.427,10.134,8.202,6.817,12.158,9.424,5.561,2.314,5.34,6.168,4,2,2,2
30,1,4.239,11.654,2.36,2.36,11.064,8.247,6.497,11.654,9.423,5.11,2.43,5.775,6.218,4,2,2,2
31,1,4.373,12.195,2.416,2.416,11.585,7.692,5.75,12.195,9.836,4.994,3.074,5.436,6.839,3,2,2,3
32,1,4.502,12.059,2.486,2.486,11.563,7.611,5.878,12.059,9.565,5.459,3.539,4.977,7.106,3,2,1,3
33,1,4.628,12.317,2.495,2.495,12.317,7.578,6.296,11.443,10.257,6.685,3.249,4.603,7.489,3,2,2,3
34,1,4.778,12.125,2.888,2.888,12.125,7.108,5.699,11.728,10.553,5.882,3.155,5.117,8.039,4,2,2,2
35,1,4.898,12.705,2.73,2.919,12.705,7.418,5.808,11.608,10.876,6.327,2.73,4.902,8.303,4,2,2,3
36,1,5.017,12.689,2.156,3.26,12.689,7.534,6.441,11.479,11.244,7.42,2.156,5.525,8.661,4,2,2,2
37,1,5.163,12.494,1.985,3.071,12.494,8.396,7.638,11.798,11.091,8.075,1.985,5.561,8.487,6,2,2,2
38,1,5.306,13.37,2.325,2.325,13.37,8.235,6.501,11.336,10.92,8.555,2.748,6.986,8.539,6,2,2,2
39,1,5.423,13.679,2.096,2.096,13.679,8.07,6.266,10.889,10.79,9.088,3.021,6.984,8.677,6,2,2,2
40,1,5.527,13.802,2.298,2.298,13.802,7.442,5.975,11.034,10.76,9.417,2.85,7.308,8.849,5,2,2,2
41,1,5.657,14.196,2.707,2.826,14.196,7.294,6.037,11.633,10.541,10.047,2.707,7.339,8.904,5,2,2,2
42,1,5.803,14.467,2.413,3.092,14.467,6.841,4.425,13.225,10.812,10.753,2.413,7.616,8.975,5,2,2,3
43,1,5.909,14.244,2.579,2.579,14.244,6.407,3.554,13.748,11.341,10.278,2.844,7.937,9.084,5,3,2,3
44,1,5.949,14.114,2.552,2.552,14.114,6.026,3.582,13.831,11.98,9.655,2.632,7.604,9.047,5,3,2,3
45,1,5.938,13.766,2.286,2.286,13.482,6.31,3.947,13.766,11.995,9.089,3.092,7.06,8.858,5,3,2,3
46,1,5.904,13.064,2.305,2.305,13.061,6.804,2.708,13.064,12.058,9.72,2.581,7.034,8.789,5,3,3,3
47,1,5.88,12.278,2.2,2.982,12.075,7.355,2.2,12.226,12.278,10.963,2.725,6.774,8.618,5,3,3,3
48,1,5.865,12.326,2.351,3.091,11.182,7.063,2.351,11.333,12.326,10.917,2.655,6.542,8.163,5,3,3,3
49,1,5.823,12.182,2.402,2.718,9.819,7.616,3.052,10.553,12.182,11.273,2.402,6.236,6.979,4,3,3,3
50,1,5.751,11.787,2.314,2.314,8.588,8.503,3.417,10.348,11.787,11.163,2.527,6.507,5.656,5,3,3,3
51,1,5.674,10.97,2.563,2.703,7.948,9.358,4.208,9.38,10.97,10.537,2.563,6.629,5.34,4,2,2,3
52,1,5.622,10.615,2.039,2.42,7.184,8.756,4.091,8.421,10.615,10.119,2.039,6.579,4.624,4,2,2,4
53,1,5.605,10.139,2.188,2.583,6.646,8.176,4.634,8.461,10.139,9.849,2.188,6.715,4.431,4,2,2,4
54,1,5.623,10.008,2.212,2.301,7.037,7.93,4.702,8.857,10.008,9.722,2.212,7.775,4.468,3,2,2,4
55,1,5.628,9.902,2.451,2.451,7.275,8.424,4.823,9.241,9.902,8.825,2.777,8.106,5.311,5,2,2,3
56,1,5.64,10.078,2.966,2.966,6.907,7.923,5.497,9.193,10.078,8.39,3.073,7.858,5.854,3,2,2,2
57,1,5.671,10.28,3.067,3.067,6.582,8.062,5.949,9.511,10.28,8.66,3.297,8.109,6.016,5,2,2,2
58,1,5.685,10.302,2.868,2.868,6.936,8.16,6.182,8.928,10.302,8.024,3.51,8.321,6.581,5,2,1,2
59,1,5.705,10.188,2.697,2.697,7.247,8.191,7.076,8.242,10.188,7.521,3.608,8.115,7.156,4,2,1,2
60,1,5.71,10.191,3.216,3.216,6.527,8.827,8.068,8.057,10.191,6.174,3.51,8.226,7.312,5,2,1,2
61,1,5.723,9.623,2.429,2.429,6.737,9.54,8.933,8.27,9.623,5.646,3.67,9.183,7.646,5,2,1,2
62,1,5.738,9.643,2.477,2.477,6.365,9.196,7.942,8.205,9.449,5.169,3.561,9.643,7.929,4,2,1,2
63,1,5.712,9.926,2.616,2.616,6.405,7.417,7.924,8.303,9.59,4.538,3.214,9.926,8.363,4,2,2,3
64,1,5.675,10.365,2.757,2.757,6.645,6.642,7.878,8.916,9.406,3.387,3.63,10.365,9.026,4,3,2,3
65,1,5.634,11.219,2.735,2.735,6.584,5.867,8.111,9.953,9.002,3.138,3.964,11.219,9.359,5,3,2,3
66,1,5.54,11.017,2.345,2.811,6.726,5.62,8.503,9.731,9.197,2.345,4.342,11.017,9.553,5,2,2,3
67,1,5.396,11.319,1.936,1.936,7.094,4.483,8.964,9.516,9.247,2.387,4.102,11.319,8.985,5,2,2,4
68,1,5.293,11.789,2.305,2.305,7.303,2.951,9.549,8.96,9.642,2.466,3.999,11.789,8.433,5,4,3,4
69,1,5.207,11.967,1.867,2.018,7.403,1.973,9.389,9.001,9.893,1.867,4.033,11.967,8.032,5,3,3,4
70,1,5.146,11.606,2.391,2.391,7.595,2.829,9.326,8.113,10.001,2.528,4.231,11.606,7.465,4,3,3,4
71,1,5.118,11.316,2.316,2.316,7.751,3.844,9.112,8.156,9.807,2.522,4.331,11.316,6.906,4,3,2,4
72,1,5.114,11.249,2.187,2.187,8.008,3.322,7.855,8.153,10.114,2.403,4.654,11.249,6.216,4,3,3,4
73,1,5.141,11.769,2.199,2.216,8.085,2.239,7.528,8.102,10.555,2.199,5.267,11.769,6.142,4,3,3,3
74,1,5.117,12.713,1.947,2.37,8.617,1.947,7.722,9.057,10.653,2.469,5.439,12.713,5.911,4,3,3,3
75,1,5.015,13.406,2.168,2.168,7.925,2.365,8.263,9.542,10.563,2.183,4.92,13.406,5.703,4,3,3,4
76,1,4.915,13.293,2.004,2.799,7.439,2.256,9.765,8.563,10.053,2.004,4.335,13.293,4.842,4,3,3,5
77,1,4.862,13.181,2.37,2.944,7.535,2.463,8.723,8.194,10.261,2.37,4.533,13.181,4.207,4,3,3,5
78,1,4.798,13.031,2.144,3.12,7.625,2.42,8.534,8.042,9.966,2.144,3.811,13.031,3.987,4,5,3,5
79,1,4.626,13.273,2.578,3.289,7.335,2.949,8.831,8.779,9.627,2.578,3.778,13.273,3.966,4,5,3,5
80,1,4.439,13.564,2.138,3.285,6.958,2.961,8.136,9.0,9.57,2.138,3.641,13.564,2.533,4,5,4,5
81,1,4.288,13.202,2.224,2.861,7.007,2.292,8.368,8.489,9.653,2.224,3.674,13.202,2.438,4,5,4,5
82,1,4.169,12.597,1.915,3.064,6.356,2.59,8.545,7.98,9.283,1.915,3.738,12.597,2.028,3,5,4,5
83,1,4.13,12.392,2.488,2.905,6.028,2.488,8.104,8.112,9.425,2.519,4.069,12.392,2.615,4,4,4,5
84,1,4.111,11.908,1.978,3.911,6.306,2.063,7.286,8.307,9.76,2.677,4.076,11.908,1.978,3,4,3,5
85,1,4.124,12.066,2.112,3.834,6.131,2.422,7.147,8.785,9.901,2.112,4.208,12.066,2.227,3,4,3,5
86,1,4.16,11.451,2.343,3.454,6.21,2.53,6.069,8.978,10.017,2.343,4.361,11.451,3.071,3,4,4,5
87,1,4.137,11.191,2.4,2.996,6.964,2.4,5.643,9.174,10.039,2.702,4.601,11.191,3.668,3,4,3,5
88,1,4.16,11.276,1.886,2.237,7.323,1.886,5.342,9.828,10.18,3.19,4.176,11.276,4.939,3,3,3,5
89,1,4.171,11.778,1.925,2.288,8.121,1.925,4.999,10.654,10.276,2.436,4.037,11.778,5.725,4,3,3,5
90,1,4.13,12.032,2.222,2.683,8.213,2.456,6.267,10.501,10.122,2.222,3.688,12.032,5.805,4,4,3,4
91,1,4.058,12.239,1.911,1.911,8.367,2.074,7.408,10.683,9.997,2.276,3.5,12.239,5.797,4,4,4,4
92,1,3.955,10.79,2.03,2.274,8.361,2.03,5.719,10.336,10.215,2.185,3.443,10.79,7.361,4,4,4,4
93,1,3.879,10.339,2.475,2.485,8.235,2.475,5.444,10.339,10.136,2.627,2.98,10.244,7.097,4,4,4,4
94,1,3.853,10.122,2.649,3.223,7.912,2.649,6.239,10.122,9.684,2.664,3.044,10.045,7.383,3,4,4,4
95,1,3.846,10.8,2.368,2.823,7.906,2.837,5.052,10.8,9.52,2.368,2.959,9.596,7.837,3,4,4,4
96,1,3.823,11.324,2.091,2.091,7.532,3.188,4.708,11.324,8.98,2.504,2.31,8.98,8.247,4,4,4,5
97,1,3.802,10.857,2.279,2.596,7.687,2.738,4.81,10.857,8.677,2.56,2.279,8.725,9.026,4,4,4,5
98,1,3.73,11.068,1.749,2.914,7.715,2.75,4.735,11.068,8.406,1.749,2.132,8.39,9.589,4,4,4,5
99,1,3.745,11.533,2.112,3.112,7.547,2.2,4.868,11.533,7.883,2.112,2.117,9.096,10.507,3,4,4,5
100,1,3.811,11.079,2.269,4.069,6.77,2.735,3.887,11.079,7.094,2.269,2.978,9.136,10.685,3,4,3,5
101,1,3.863,10.696,2.456,4.61,5.944,2.978,3.579,10.094,6.843,2.456,2.639,8.673,10.696,3,4,3,5
102,1,3.908,10.515,2.632,4.51,5.507,2.697,3.468,9.616,6.568,2.632,3.683,8.102,10.515,3,4,3,5
103,1,3.986,10.026,1.825,4.984,4.532,1.825,3.182,9.159,6.648,2.96,4.094,8.628,10.026,3,3,3,6
104,1,4.061,10.1,2.189,5.471,3.698,2.189,4.385,8.958,6.581,2.609,4.125,9.372,10.1,3,3,2,5
105,1,4.121,9.74,1.782,6.028,3.073,1.782,4.966,8.891,6.598,3.035,4.95,9.634,9.74,3,3,3,5
106,1,4.224,9.831,2.27,6.331,3.145,2.27,3.999,8.961,6.493,3.51,5.388,9.294,9.831,3,4,2,4
107,1,4.334,9.513,2.628,6.368,3.052,2.628,3.505,8.845,5.897,3.576,5.818,8.99,9.513,3,4,2,4
108,1,4.429,9.136,2.646,6.918,2.902,2.646,4.402,8.659,5.49,4.282,6.022,8.078,9.136,3,2,2,4
109,1,4.53,9.609,2.028,7.009,2.028,2.461,4.629,9.098,4.799,4.481,6.143,7.835,9.609,2,2,2,5
110,1,4.573,9.888,2.175,7.641,2.175,2.341,4.763,9.34,5.001,4.532,6.613,7.546,9.888,2,2,2,4
111,1,4.639,9.28,2.289,7.759,2.289,2.71,5.196,9.117,4.9,4.585,6.267,7.464,9.28,2,2,2,4
112,1,4.631,8.99,1.896,8.072,1.896,2.247,6.115,7.571,5.087,5.213,6.051,7.365,8.99,2,2,2,2
113,1,4.63,8.708,2.429,8.708,2.571,2.429,6.182,6.425,4.462,5.193,6.049,6.523,8.376,2,2,2,3
114,1,4.625,9.09,2.264,8.979,2.538,2.264,6.028,5.921,4.382,4.672,5.644,6.398,9.09,2,2,2,4
115,1,4.611,9.749,2.22,9.523,2.392,2.22,6.334,5.898,3.946,4.229,6.102,7.071,9.749,2,3,2,4
116,1,4.63,9.624,2.067,9.447,2.067,2.563,6.669,5.321,4.489,3.785,6.183,6.494,9.624,2,3,2,4
117,1,4.664,10.001,2.372,9.715,2.372,2.849,6.086,4.678,4.499,3.472,6.324,6.353,10.001,2,3,3,5
118,1,4.681,10.6,2.435,9.833,2.435,2.89,5.396,4.638,4.454,3.441,6.321,6.689,10.6,2,3,3,5
119,1,4.703,11.48,2.278,10.179,2.278,3.447,5.337,4.314,4.929,3.41,6.964,7.058,11.48,2,3,3,5
120,1,4.703,10.92,2.551,10.353,2.551,4.16,5.454,4.733,5.948,2.917,7.335,7.269,10.92,2,2,2,4
121,1,4.71,11.178,2.388,10.344,2.388,4.295,5.531,4.384,5.534,2.865,7.583,6.726,11.178,2,2,2,4
122,1,4.647,11.987,2.384,9.995,2.384,3.921,4.917,5.245,6.014,2.452,7.855,6.942,11.987,2,3,2,4
123,1,4.568,12.524,2.047,9.57,2.746,3.789,5.612,5.466,5.736,2.047,8.04,7.213,12.524,3,3,2,3
124,1,4.554,14.069,2.181,9.433,2.181,3.41,5.6,5.653,5.608,2.197,7.552,6.124,14.069,2,3,3,3
125,1,4.573,15.101,2.296,8.961,2.296,3.209,5.734,5.692,5.017,2.488,7.298,5.078,15.101,2,3,3,3
126,1,4.62,15.672,2.375,8.244,2.541,3.232,6.57,5.893,4.49,2.375,7.003,4.278,15.672,2,3,3,5
127,1,4.632,16.801,2.534,8.763,2.534,2.593,6.912,6.006,4.682,2.957,7.087,3.276,16.801,2,4,4,5
128,1,4.628,17.997,2.189,8.778,2.189,2.657,7.727,6.993,4.571,3.352,6.912,2.231,17.997,2,4,4,5
129,1,4.564,17.795,1.823,9.636,1.823,2.418,7.181,7.002,5.18,3.042,6.927,2.081,17.795,2,4,4,4
130,1,4.563,17.135,2.283,10.534,2.807,2.283,6.869,7.13,5.372,2.886,6.717,2.483,17.135,2,4,4,4
131,1,4.531,17.131,1.82,10.747,2.856,1.82,7.459,7.397,5.527,3.043,6.716,2.385,17.131,2,4,4,4
132,1,4.466,17.322,2.332,10.241,2.652,2.332,6.47,7.549,5.971,2.911,7.194,2.428,17.322,2,4,4,4
133,1,4.329,17.68,2.254,9.295,2.303,2.254,6.535,7.815,6.68,2.731,7.348,2.425,17.68,2,4,4,4
134,1,4.233,18.006,1.952,9.901,1.967,1.952,6.648,8.019,6.361,2.357,7.288,2.468,18.006,3,4,4,4
135,1,4.18,18.248,1.921,10.266,1.921,2.602,6.748,7.891,6.558,2.708,6.483,2.468,18.248,2,4,4,4
136,1,4.163,17.945,2.198,10.455,2.198,2.754,6.646,7.819,6.61,3.017,5.749,3.036,17.945,2,4,4,4
137,1,4.177,17.88,2.14,10.354,2.14,2.38,6.371,7.665,7.022,3.261,5.094,3.691,17.88,2,4,3,4
138,1,4.2,17.478,2.318,10.357,2.318,2.361,7.141,7.348,6.883,3.134,5.058,3.731,17.478,2,4,3,4
139,1,4.21,17.399,2.21,10.465,2.21,2.74,6.826,7.063,6.872,3.541,5.053,3.726,17.399,2,4,2,4
140,1,4.221,17.284,1.863,9.967,2.654,1.863,7.058,6.96,7.117,3.855,5.016,3.878,17.284,2,4,2,4
141,1,4.206,16.039,2.973,9.948,2.973,3.187,6.836,7.042,6.624,4.588,5.022,3.676,16.039,2,3,2,4
142,1,4.175,15.715,3.019,11.133,3.019,3.43,6.049,7.203,6.591,4.393,4.225,3.612,15.715,2,3,2,5
143,1,4.12,15.704,2.166,10.913,2.166,2.803,6.401,7.321,6.174,4.474,3.673,3.525,15.704,2,4,2,5
144,1,4.031,15.02,1.75,9.356,1.75,2.183,5.806,7.325,5.911,4.233,2.725,2.918,15.02,2,4,4,5
145,1,4.03,14.327,2.192,8.946,2.308,2.631,5.802,7.781,6.593,4.676,2.192,2.413,14.327,2,4,4,5
146,1,4.05,13.236,2.279,8.951,2.728,2.602,5.42,7.703,6.289,5.266,2.279,2.309,13.236,2,4,4,4
147,1,4.077,12.264,1.948,9.68,2.972,2.998,5.044,7.982,6.024,5.574,1.948,3.033,12.264,2,4,4,4
148,1,4.1,11.727,2.144,10.185,2.976,2.144,4.722,7.494,5.235,5.666,2.314,3.528,11.727,2,4,3,5
149,1,4.023,10.845,1.801,9.078,2.853,2.474,3.582,7.177,4.691,6.771,1.801,2.657,10.845,2,5,4,6
150,1,3.853,10.079,2.162,8.811,2.162,2.36,3.495,6.895,4.434,6.347,2.244,3.072,10.079,2,5,5,6
151,1,3.771,9.583,2.036,9.299,2.036,2.246,3.046,6.471,4.274,5.555,2.361,2.82,9.583,2,5,5,6
152,1,3.699,10.205,1.923,8.878,2.336,2.438,3.285,6.458,4.08,5.153,2.515,1.923,10.205,2,5,5,6
153,1,3.62,9.081,1.922,8.775,2.346,1.922,2.36,6.621,2.452,5.879,2.393,2.239,9.081,2,6,6,6
154,1,3.572,9.53,2.113,7.836,2.161,2.297,2.113,6.688,2.299,5.791,2.136,2.887,9.53,1,6,6,6
155,1,3.517,9.136,2.012,7.71,2.012,2.619,2.064,6.558,2.235,6.444,2.446,2.252,9.136,1,6,6,6
156,1,3.537,8.89,2.218,7.801,2.271,2.473,2.218,6.802,2.314,6.482,2.643,2.699,8.89,1,6,6,6
157,1,3.573,8.738,2.298,7.873,2.785,2.298,2.359,6.261,2.749,6.666,2.3,2.688,8.738,1,6,6,6
158,1,3.639,8.113,1.985,8.113,2.538,2.419,2.577,6.07,3.092,5.826,1.985,2.499,7.523,1,6,6,6
159,1,3.635,8.915,2.169,8.915,2.512,2.813,2.34,6.28,2.169,5.987,2.242,2.434,6.499,1,6,6,6
160,1,3.591,8.734,2.118,8.734,2.537,2.526,2.267,6.864,2.573,6.258,2.118,2.537,6.017,1,6,6,6
161,1,3.517,8.316,2.147,8.316,2.147,2.459,2.451,7.316,3.02,6.373,2.293,2.455,5.161,1,6,6,6
162,1,3.474,8.626,2.12,8.626,2.315,2.135,2.7,8.208,2.971,7.135,2.12,2.508,4.784,2,6,6,7
163,1,3.387,9.353,2.363,9.353,2.528,2.363,3.213,8.73,3.27,7.152,2.689,2.447,5.064,2,6,6,6
164,1,3.302,9.348,2.155,9.348,2.155,2.363,4.061,8.203,2.452,7.048,2.762,2.393,5.167,2,5,5,6
165,1,3.219,8.821,2.131,8.821,2.131,2.641,4.758,7.368,2.318,7.933,2.234,2.248,4.078,1,5,5,7
166,1,3.091,8.628,1.996,7.912,2.513,1.996,4.988,5.711,2.468,8.628,2.143,2.078,2.457,1,6,6,7
167,1,2.974,9.042,2.19,6.965,2.328,2.407,4.919,4.805,2.24,9.042,2.593,2.462,2.19,1,6,6,8
168,1,2.915,9.201,2.006,6.629,2.236,2.006,4.666,4.483,2.807,9.201,3.268,2.305,2.548,1,6,6,8
169,1,2.89,9.625,1.938,7.335,2.044,2.278,4.669,4.452,2.483,9.625,2.921,1.938,3.313,1,6,6,8
170,1,2.88,9.949,2.006,7.118,2.389,2.366,4.756,3.808,2.726,9.949,2.006,2.163,2.153,1,7,6,8
171,1,2.849,10.341,1.723,6.491,2.203,2.454,4.953,4.458,2.492,10.341,2.375,2.082,1.723,1,6,6,8
172,1,2.83,9.726,1.966,6.478,2.051,2.617,4.925,5.369,2.575,9.726,1.966,2.436,2.599,1,6,6,7
173,1,2.783,10.094,1.941,6.822,2.377,2.11,5.491,6.11,2.365,10.094,1.941,2.5,2.302,1,6,6,6
174,1,2.692,10.494,2.243,5.556,2.944,2.243,5.544,6.038,2.464,10.494,2.396,2.374,2.94,1,6,6,6
175,1,2.634,10.012,2.416,5.51,3.531,2.416,5.76,6.263,2.475,10.012,2.498,2.502,3.423,1,6,5,6
176,1,2.613,9.903,2.191,5.698,2.717,2.39,6.257,6.321,2.438,9.903,2.191,3.034,4.053,1,5,5,6
177,1,2.51,9.492,1.871,5.878,2.33,1.909,6.151,6.988,1.871,9.492,2.637,2.921,4.194,1,5,5,6
178,1,2.447,9.513,2.156,6.117,2.156,2.279,6.484,6.986,2.528,9.513,2.37,2.828,4.548,1,5,5,6
179,1,2.397,9.302,2.265,6.782,2.265,2.396,5.844,7.398,3.259,9.302,2.42,2.648,4.244,1,5,5,6
180,1,2.34,8.973,2.242,7.152,2.367,2.242,4.998,6.599,3.054,8.973,2.258,2.614,4.18,1,5,5,7
181,1,2.301,8.907,1.971,7.434,2.687,2.056,4.331,5.794,2.867,8.907,1.971,2.061,4.02,1,5,5,7
182,1,2.253,8.911,2.141,8.147,2.352,2.343,3.937,5.112,3.907,8.911,2.416,2.141,3.907,2,7,4,7
183,1,2.205,8.636,2.057,8.636,2.256,2.057,3.496,4.614,4.018,8.499,2.125,2.231,3.655,2,6,5,8
184,1,2.124,8.48,1.977,8.312,2.593,1.977,3.316,4.598,4.564,8.48,2.261,2.262,3.079,2,6,6,8
185,1,2.002,8.004,2.185,7.538,2.869,2.522,3.077,4.289,4.609,8.004,2.389,2.185,2.539,1,6,6,8
186,1,1.978,8.233,2.175,6.855,2.265,2.612,2.536,4.44,3.984,8.233,2.326,2.175,2.413,1,7,6,8
187,1,2.01,8.759,2.052,6.372,2.062,2.148,2.509,5.078,3.364,8.759,2.205,2.408,2.052,1,7,7,7
188,1,2.046,8.474,2.047,6.074,2.866,2.047,2.342,6.022,3.346,8.474,2.246,2.137,2.715,1,7,7,7
189,1,2.017,8.516,2.044,5.919,2.756,2.044,2.409,5.407,3.679,8.516,2.755,2.323,2.875,1,7,6,7
190,1,1.986,8.366,1.971,4.996,2.572,2.257,2.562,4.538,3.504,8.366,2.232,1.971,2.582,1,7,6,9
191,1,1.946,8.192,2.077,4.58,2.424,2.323,2.423,4.543,3.787,8.192,2.159,2.077,2.084,1,7,6,9
192,1,1.979,7.705,2.271,4.007,2.271,2.374,2.712,4.614,3.717,7.705,3.443,2.566,2.358,0,7,6,9
193,1,2.007,7.294,2.005,3.657,2.494,2.005,2.793,5.193,4.267,7.294,3.105,2.413,2.909,0,7,6,8
194,1,2.02,7.049,2.27,3.293,2.27,2.306,2.488,5.438,5.315,7.049,2.845,2.617,3.377,0,7,7,7
195,1,2.027,6.977,2.225,2.875,2.509,2.489,2.308,6.09,5.279,6.977,2.273,2.225,4.04,0,6,6,7
196,1,2.063,6.989,2.037,2.957,2.261,2.471,2.037,6.272,4.41,6.989,2.351,2.323,4.161,0,6,6,8
197,1,2.188,6.86,1.929,2.71,2.772,2.21,2.196,6.86,4.905,6.114,1.929,2.423,4.111,0,6,6,8
198,1,2.218,7.119,2.165,2.719,2.991,2.335,2.495,7.119,5.23,5.374,2.165,3.078,3.841,0,7,6,7
199,1,2.104,8.391,1.999,2.284,2.299,1.999,2.12,8.391,5.152,4.61,2.188,2.907,3.34,1,7,7,8
200,1,1.907,8.259,1.878,2.563,1.878,2.297,2.003,8.259,5.158,4.021,2.158,2.966,2.937,1,7,7,8
