"Stage","Component","Bind_Eh","Pair_Eh","Nonadd_Eh","Nonadd_kcal"
"Stage02","Total","-0.0546561786350139","-0.0540215152259975","-0.000634663409016412","-0.398257318460184"
"Stage02","SCC","-0.054670025486999","-0.0540353620790057","-0.00063466340799323","-0.398257317818128"
"Stage02","IsoES","-0.00350417423999996","-0.00341013963800005","-9.4034601999915E-05","-0.0590076060836656"
"Stage02","AnisoES","-0.005278729561","-0.005266507105","-1.2222456E-05","-0.00766970725333201"
"Stage02","AnisoXC","-9.43652840000066E-05","-9.15758709999978E-05","-2.78941300000876E-06","-0.001750383156929"
"Stage02","Dispersion","-0.042893737882","-0.042393819539","-0.000499918342999991","-0.313703509456753"
"Stage02","Repulsion","1.38468520005652E-05","1.3846851999233E-05","1.33226762955019E-15","8.36010594085224E-13"
"Stage03","Total","-0.096610585856979","-0.100859349786958","0.0042487639299793","2.66613972931935"
"Stage03","SCC","-0.0966312192560252","-0.100879983188051","0.00424876393202567","2.66613973060346"
"Stage03","IsoES","-0.00601690441799999","-0.00560903466800006","-0.000407869749999928","-0.25594214288758"
"Stage03","AnisoES","-0.013877444951","-0.013722348108","-0.000155096843000004","-0.0973247424025107"
"Stage03","AnisoXC","-0.000230510769999987","-0.000228898482999996","-1.61228699999127E-06","-0.00101172540922102"
"Stage03","Dispersion","-0.069561690986","-0.074321346285","0.00475965529899999","2.98672891684784"
"Stage03","Repulsion","2.06333990004914E-05","2.06333979990703E-05","1.00142116821189E-12","6.2840129655406E-10"
"Stage04","Total","-0.114437162964975","-0.126052511895963","0.011615348930988","7.28874180000984"
"Stage04","SCC","-0.114509031286033","-0.126124380220077","0.0116153489340434","7.28874180192709"
"Stage04","IsoES","-0.00869762615100014","-0.00755640894600007","-0.00114121720500007","-0.716124637700993"
"Stage04","AnisoES","-0.017506348631","-0.016989896946","-0.000516451685000002","-0.324078338628509"
"Stage04","AnisoXC","-0.000300575131999995","-0.000306779355999997","6.20422400000181E-06","0.00389320950012914"
"Stage04","Dispersion","-0.081215123351","-0.094242108084","0.013026984733","8.17455667631247"
"Stage04","Repulsion","7.18683199996129E-05","7.18683209988136E-05","-9.99200722162641E-13","-6.27007945563918E-10"
"Stage05","Total","-0.126146735527925","-0.145273343196976","0.0191266076690511","12.0021280151024"
"Stage05","SCC","-0.126227741382976","-0.145354349057072","0.0191266076740959","12.0021280182681"
"Stage05","IsoES","-0.0106019027819999","-0.00975059646800003","-0.000851306313999906","-0.534202799444924"
"Stage05","AnisoES","-0.017889400893","-0.017631889034","-0.000257511859000002","-0.161591137885161"
"Stage05","AnisoXC","-0.00031664864600001","-0.000324842428999994","8.19378299998438E-06","0.0051416766734287"
"Stage05","Dispersion","-0.089610041583","-0.109399465367","0.0197894237840001","12.418051423986"
"Stage05","Repulsion","8.10058550002601E-05","8.10058549984838E-05","1.77635683940025E-15","1.11468079211363E-12"
"Stage06","Total","-0.130986415923019","-0.153780745979972","0.0227943300569535","14.3036586568739"
"Stage06","SCC","-0.131068567067004","-0.153862897130082","0.0227943300630784","14.3036586607173"
"Stage06","IsoES","-0.011394384061","-0.010457125182","-0.000937258879000036","-0.588138850531873"
"Stage06","AnisoES","-0.017010963379","-0.016890821029","-0.000120142350000001","-0.0753904659773259"
"Stage06","AnisoXC","-0.000281399220999987","-0.000291447442999995","1.00482220000073E-05","0.00630535476311356"
"Stage06","Dispersion","-0.095638684537","-0.119020537423","0.023381852886","14.6723348135674"
"Stage06","Repulsion","8.21511440016742E-05","8.21511439981215E-05","3.5527136788005E-15","2.22936158422726E-12"
"Stage07","Total","-0.137575172711024","-0.165479573880987","0.0279044011699625","17.5102768259626"
"Stage07","SCC","-0.137676807512989","-0.165581208690099","0.0279044011771106","17.5102768304481"
"Stage07","IsoES","-0.0131455197250001","-0.011595941236","-0.00154957848900011","-0.972375222843217"
"Stage07","AnisoES","-0.017190332798","-0.017184816825","-5.51597300000109E-06","-0.00346132545924418"
"Stage07","AnisoXC","-0.000281334833","-0.000269043755999992","-1.22910770000081E-05","-0.00771276758273661"
"Stage07","Dispersion","-0.101526900543","-0.130386648916","0.028859748373","18.1097662716671"
"Stage07","Repulsion","0.000101634802002426","0.000101634803999051","-1.99662508748588E-12","-1.25290121033572E-09"
"Stage08","Total","-0.135771635215917","-0.171006468122002","0.0352348329060845","22.1101923794807"
"Stage08","SCC","-0.135892691646958","-0.171127524560106","0.0352348329131473","22.1101923839126"
"Stage08","IsoES","-0.0130653162139998","-0.0121786211","-0.000886695113999802","-0.556409607638459"
"Stage08","AnisoES","-0.016362622785","-0.016397511902","3.48891169999997E-05","0.0218932523641113"
"Stage08","AnisoXC","-0.000272753185999983","-0.000285371992999998","1.26188070000144E-05","0.00791842127117553"
"Stage08","Dispersion","-0.102771163671","-0.138380810067","0.0356096463960002","22.3453914051309"
"Stage08","Repulsion","0.000121056429998934","0.000121056432998756","-2.99982261253717E-12","-1.8824171876819E-09"
"Stage09","Total","-0.134533463056925","-0.173595121407999","0.0390616583510734","24.5115617010529"
"Stage09","SCC","-0.134658179298967","-0.173719837657117","0.0390616583581505","24.5115617054938"
"Stage09","IsoES","-0.0130048258019999","-0.012620648659","-0.000384177142999986","-0.24107480691535"
"Stage09","AnisoES","-0.015646421077","-0.016040738624","0.000394317547000003","0.247438006759198"
"Stage09","AnisoXC","-0.000266330986999994","-0.000280287148999997","1.39561620000027E-05","0.00875762423854069"
"Stage09","Dispersion","-0.103009406714","-0.141638202672","0.038628795958","24.2399364372066"
"Stage09","Repulsion","0.000124716243002698","0.000124716244998879","-1.99618099827603E-12","-1.25262254013769E-09"
