"File","Total","SCC","IsoES","AnisoES","AnisoXC","Dispersion","Repulsion"
"FullShell\monoA_XTB2_SP.out","-96.829206631261","-99.020604220014","0.148469969954","0.00281221251","0.018489059738","-0.069194089048","2.191397588753"
"FullShell\Stage02_D2+D3_cluster_XTB2_SP.out","-290.542653205527","-297.116859816066","0.441972902105","0.002875150386","0.055361773228","-0.250333735934","6.57420661054"
"FullShell\Stage02_D2+D3_shell_XTB2_SP.out","-193.658790395631","-198.041585570565","0.297007106391","0.005341667437","0.036967078774","-0.138245909004","4.382795174935"
"FullShell\Stage03_D2+D3+D1_cluster_XTB2_SP.out","-484.265320991017","-495.222374649601","0.734367946998","-0.001814313463","0.092148158416","-0.434389472777","10.957053658584"
"FullShell\Stage03_D2+D3+D1_shell_XTB2_SP.out","-387.339503773899","-396.105139210331","0.591914881462","0.009250918978","0.073889609448","-0.295633692743","8.765635436432"
"FullShell\Stage04_D2+D3+D1+D5_cluster_XTB2_SP.out","-678.001120921747","-693.341041764","1.025912649432","-0.008538167236","0.12898373989","-0.630393200571","15.339920842253"
"FullShell\Stage04_D2+D3+D1+D5_shell_XTB2_SP.out","-581.057477127521","-594.2059285127","0.886140305629","0.006155968885","0.110795255284","-0.479983988172","13.14845138518"
"FullShell\Stage05_D2+D3+D1+D5+D7_cluster_XTB2_SP.out","-871.728811560016","-891.451587659545","1.314100208653","-0.004090215037","0.165882175217","-0.827314826474","19.722776099529"
"FullShell\Stage05_D2+D3+D1+D5+D7_shell_XTB2_SP.out","-774.773458193227","-792.304755698148","1.176232141481","0.010986973346","0.147709764125","-0.668510695843","17.531297504921"
"FullShell\Stage06_D2+D3+D1+D5+D7+D4_cluster_XTB2_SP.out","-968.590209428642","-990.50442418917","1.458499503184","-0.002422960772","0.184355047318","-0.924525761565","21.914214760528"
"FullShell\Stage06_D2+D3+D1+D5+D7+D4_shell_XTB2_SP.out","-871.630016381458","-891.352751402089","1.321423917291","0.011775790097","0.166147386801","-0.75969298798","19.722735020631"
"FullShell\Stage07_D2+D3+D1+D5+D7+D4+D6_cluster_XTB2_SP.out","-1162.35702552162","-1188.65409980528","1.74385360988","-0.003874410998","0.221201666931","-1.151374358917","26.297074283652"
"FullShell\Stage07_D2+D3+D1+D5+D7+D4+D6_shell_XTB2_SP.out","-1065.39024371765","-1089.49581877775","1.608529159651","0.01050370929","0.202993942026","-0.980653369326","24.105575060097"
"FullShell\Stage08_D2+D3+D1+D5+D7+D4+D6+D8_cluster_XTB2_SP.out","-1356.12753790806","-1386.80751933197","2.030614052029","-0.010178586652","0.257991388363","-1.378870578023","30.679981423906"
"FullShell\Stage08_D2+D3+D1+D5+D7+D4+D6+D8_shell_XTB2_SP.out","-1259.16255964158","-1287.65102242031","1.895209398289","0.003371823623","0.239775081811","-1.206905325304","28.488462778723"
"FullShell\Stage09_D2+D3+D1+D5+D7+D4+D6+D8+D9_cluster_XTB2_SP.out","-1453.0195564462","-1485.89098700584","2.176088357679","-0.018897583457","0.276293655924","-1.492671748917","32.871430559635"
"FullShell\Stage09_D2+D3+D1+D5+D7+D4+D6+D8+D9_shell_XTB2_SP.out","-1356.05581635188","-1386.73572460652","2.040623213527","-0.00606337489","0.258070927173","-1.320468253155","30.679908254639"
"HalfShell\HS_cluster_+0.0A_XTB2_SP.out","-968.626160227192","-990.540380789064","1.460536102962","-0.016379568026","0.18424392252","-0.948502988116","21.914220561873"
"HalfShell\HS_cluster_+0.5A_XTB2_SP.out","-968.611760599563","-990.525954704169","1.460781825651","-0.014780643947","0.184278110052","-0.933068511984","21.914194104606"
"HalfShell\HS_cluster_+1.0A_XTB2_SP.out","-968.59420027953","-990.508422052583","1.461183045787","-0.012677889709","0.184348021025","-0.920479206845","21.914221773053"
"HalfShell\HS_cluster_+1.5A_XTB2_SP.out","-968.578345601919","-990.492618408365","1.46173891568","-0.010090733684","0.184385108528","-0.910866438409","21.914272806446"
"HalfShell\HS_cluster_+2.0A_XTB2_SP.out","-968.565878168756","-990.48019176431","1.462431000433","-0.007478311478","0.184402533066","-0.903782120277","21.914313595554"
"HalfShell\HS_cluster_+3.0A_XTB2_SP.out","-968.551225818222","-990.46551067405","1.463610770512","-0.003403722834","0.184381167561","-0.894535758134","21.914284855828"
"HalfShell\HS_cluster_+5.0A_XTB2_SP.out","-968.538231536579","-990.452377083557","1.464664401246","-0.000429940664","0.184461083967","-0.88451260939","21.914145546978"
"HalfShell\HS_pair_02_D3_+0.5A_XTB2_SP.out","-193.677871728148","-198.060668953365","0.297285364822","0.001384787105","0.036931609283","-0.150876528744","4.382797225217"
"HalfShell\HS_pair_02_D3_+1.0A_XTB2_SP.out","-193.671551270424","-198.054346848528","0.29722975216","0.00249428849","0.036948739374","-0.146010183652","4.382795578104"
"HalfShell\HS_pair_02_D3_+1.5A_XTB2_SP.out","-193.667049197795","-198.049844448053","0.297146884764","0.00333850008","0.036957975152","-0.142850543368","4.382795250258"
"HalfShell\HS_pair_02_D3_+2.0A_XTB2_SP.out","-193.664050920207","-198.046846117175","0.297076118393","0.003952338546","0.036964271032","-0.140919156064","4.382795196968"
"HalfShell\HS_pair_02_D3_+3.0A_XTB2_SP.out","-193.660839302282","-198.043634490696","0.296986004542","0.004713170493","0.03697433412","-0.139143350336","4.382795188414"
"HalfShell\HS_pair_02_D3_+5.0A_XTB2_SP.out","-193.658870965694","-198.041666151195","0.29692049355","0.005330556015","0.036984898317","-0.138410420351","4.382795185502"
"HalfShell\HS_pair_03_D1_+0.5A_XTB2_SP.out","-193.679080393602","-198.061876768237","0.295798126369","0.001483139181","0.036906387517","-0.150809385116","4.382796374635"
"HalfShell\HS_pair_03_D1_+1.0A_XTB2_SP.out","-193.675192977327","-198.057988558977","0.295837784359","0.001935359011","0.036928780917","-0.147472698645","4.38279558165"
"HalfShell\HS_pair_03_D1_+1.5A_XTB2_SP.out","-193.671228088479","-198.054023389384","0.295957467876","0.002706839956","0.036939434675","-0.144661932956","4.382795300905"
"HalfShell\HS_pair_03_D1_+2.0A_XTB2_SP.out","-193.667631215594","-198.05042643875","0.296134805579","0.003508773449","0.03694339008","-0.142494330213","4.382795223156"
"HalfShell\HS_pair_03_D1_+3.0A_XTB2_SP.out","-193.662558767427","-198.045353965307","0.296487199204","0.004605100934","0.036954739948","-0.139821964675","4.38279519788"
"HalfShell\HS_pair_03_D1_+5.0A_XTB2_SP.out","-193.658931114542","-198.041726308181","0.296842717315","0.005340809633","0.036971833407","-0.138146528838","4.382795193638"
"HalfShell\HS_pair_04_D1_+0.5A_XTB2_SP.out","-193.678598582018","-198.061394700855","0.295801192158","0.001583966607","0.036905691066","-0.150303023725","4.382796118837"
"HalfShell\HS_pair_04_D1_+1.0A_XTB2_SP.out","-193.674548292597","-198.057343723811","0.29583839875","0.002074365845","0.03692283994","-0.146743949073","4.382795431215"
"HalfShell\HS_pair_04_D1_+1.5A_XTB2_SP.out","-193.670694593886","-198.053489839449","0.295948290866","0.002816344872","0.036929680733","-0.143942530009","4.382795245562"
"HalfShell\HS_pair_04_D1_+2.0A_XTB2_SP.out","-193.667343674482","-198.050138881558","0.296112029545","0.003557379604","0.036932554061","-0.141911494143","4.382795207076"
"HalfShell\HS_pair_04_D1_+3.0A_XTB2_SP.out","-193.662729538743","-198.04552473578","0.296444422448","0.004571510961","0.036943063775","-0.139565235946","4.382795197037"
"HalfShell\HS_pair_04_D1_+5.0A_XTB2_SP.out","-193.659285808393","-198.04208100203","0.296805035154","0.005305175981","0.036962745331","-0.138188137906","4.382795193638"
"HalfShell\HS_pair_06_D5_+0.5A_XTB2_SP.out","-193.669401163416","-198.052203782765","0.296117194971","0.004434202379","0.03695757528","-0.146293528623","4.382802619349"
"HalfShell\HS_pair_06_D5_+1.0A_XTB2_SP.out","-193.667126116433","-198.049924792363","0.296188887368","0.004864650552","0.036967315408","-0.144438850298","4.38279867593"
"HalfShell\HS_pair_06_D5_+1.5A_XTB2_SP.out","-193.665119060443","-198.047916060967","0.296239478779","0.005179211403","0.036968424464","-0.142882444878","4.382797000524"
"HalfShell\HS_pair_06_D5_+2.0A_XTB2_SP.out","-193.663544462492","-198.046340413792","0.296297872755","0.005366316757","0.036968213577","-0.14165815946","4.3827959513"
"HalfShell\HS_pair_06_D5_+3.0A_XTB2_SP.out","-193.661466992325","-198.04426225085","0.296441350674","0.005499811631","0.036968380949","-0.140065662468","4.382795258525"
"HalfShell\HS_pair_06_D5_+5.0A_XTB2_SP.out","-193.659590582879","-198.042385772709","0.296685973728","0.005533452671","0.036971960525","-0.138819294164","4.38279518983"
"HalfShell\HS_pair_08_D7_+0.5A_XTB2_SP.out","-193.668550716635","-198.051354048909","0.295923140037","0.004864947214","0.036985123762","-0.146933730711","4.382803332274"
"HalfShell\HS_pair_08_D7_+1.0A_XTB2_SP.out","-193.668689803926","-198.051500933287","0.296060348254","0.004395750968","0.036994267963","-0.147622849474","4.382811129361"
"HalfShell\HS_pair_08_D7_+1.5A_XTB2_SP.out","-193.668340881569","-198.051171715275","0.29625228222","0.00425735643","0.036985461058","-0.14797753256","4.382830833707"
"HalfShell\HS_pair_08_D7_+2.0A_XTB2_SP.out","-193.66720578546","-198.050071787776","0.29644751254","0.004565092216","0.036978775685","-0.147982075963","4.382866002317"
"HalfShell\HS_pair_08_D7_+3.0A_XTB2_SP.out","-193.664809007785","-198.0477097276","0.296539585245","0.005644475788","0.036956868918","-0.147025839894","4.382900719815"
"HalfShell\HS_pair_08_D7_+5.0A_XTB2_SP.out","-193.663137429387","-198.045936348437","0.296426967633","0.006136749504","0.036971595791","-0.143001200207","4.38279891905"
"HalfShell\HS_pair_10_D6_+0.5A_XTB2_SP.out","-193.663927568067","-198.046744778276","0.296501505992","0.005362991936","0.037000127956","-0.143983336023","4.382817210209"
"HalfShell\HS_pair_10_D6_+1.0A_XTB2_SP.out","-193.66282403693","-198.04566720764","0.296646706307","0.005398632299","0.036991589417","-0.143701337751","4.38284317071"
"HalfShell\HS_pair_10_D6_+1.5A_XTB2_SP.out","-193.6615952744","-198.044461608753","0.296770507525","0.005535694093","0.036971770683","-0.1432607522","4.382866334353"
"HalfShell\HS_pair_10_D6_+2.0A_XTB2_SP.out","-193.660947218849","-198.04380644686","0.296856405118","0.005643028553","0.036958750553","-0.142708532219","4.382859228011"
"HalfShell\HS_pair_10_D6_+3.0A_XTB2_SP.out","-193.660682844816","-198.043492824278","0.296936718458","0.005671387226","0.03696434717","-0.141467250141","4.382809979462"
"HalfShell\HS_pair_10_D6_+5.0A_XTB2_SP.out","-193.659044754046","-198.041840050459","0.296959203498","0.005739486211","0.036968734252","-0.139476709484","4.382795296413"
"HalfShell\HS_pair_11_D6_+0.5A_XTB2_SP.out","-193.66375330205","-198.046555587214","0.296304554104","0.005651965135","0.036968392155","-0.143952774823","4.382802285164"
"HalfShell\HS_pair_11_D6_+1.0A_XTB2_SP.out","-193.662607827892","-198.045413664854","0.296255171504","0.005745111983","0.036964726045","-0.143646896688","4.382805836962"
"HalfShell\HS_pair_11_D6_+1.5A_XTB2_SP.out","-193.66134857209","-198.044165782456","0.296198440882","0.005697778257","0.036993244387","-0.143200046005","4.382817210366"
"HalfShell\HS_pair_11_D6_+2.0A_XTB2_SP.out","-193.660773941164","-198.043605357888","0.296180295089","0.005593188072","0.037010140468","-0.142671030972","4.382831416724"
"HalfShell\HS_pair_11_D6_+3.0A_XTB2_SP.out","-193.661067352955","-198.04388540042","0.296288811326","0.005658082151","0.036968538952","-0.1415483734","4.382818047464"
"HalfShell\HS_pair_11_D6_+5.0A_XTB2_SP.out","-193.658909362858","-198.041704653985","0.296433666284","0.006103150927","0.036977285713","-0.139606565004","4.382795291128"
"HalfShell\HS_pair_13_D8_+0.5A_XTB2_SP.out","-193.660575196417","-198.043373593558","0.296669704611","0.006004432858","0.036983555217","-0.141578638455","4.382798397142"
"HalfShell\HS_pair_13_D8_+1.0A_XTB2_SP.out","-193.659944834382","-198.042741040515","0.296692709105","0.005988360994","0.036991238922","-0.140855022823","4.382796206133"
"HalfShell\HS_pair_13_D8_+1.5A_XTB2_SP.out","-193.659400848745","-198.042196351982","0.296717116126","0.00597077797","0.036994696298","-0.140250918316","4.382795503236"
"HalfShell\HS_pair_13_D8_+2.0A_XTB2_SP.out","-193.658980199354","-198.041775481122","0.29674135817","0.00594868995","0.036996095028","-0.139774416787","4.382795281767"
"HalfShell\HS_pair_13_D8_+3.0A_XTB2_SP.out","-193.658472544362","-198.041267742062","0.296788164432","0.00589316282","0.036996021367","-0.139147881907","4.3827951977"
"HalfShell\HS_pair_13_D8_+5.0A_XTB2_SP.out","-193.658175574295","-198.040970764032","0.296867370907","0.005785736858","0.036991692794","-0.138629626368","4.382795189737"
"HalfShell\HS_pair_14_D9_+0.5A_XTB2_SP.out","-193.659957543071","-198.042753163071","0.296573798953","0.005956064976","0.036983199529","-0.140455660276","4.382795619999"
"HalfShell\HS_pair_14_D9_+1.0A_XTB2_SP.out","-193.659246909738","-198.042042143936","0.296625396579","0.005925072522","0.036983156819","-0.139680802505","4.382795234198"
"HalfShell\HS_pair_14_D9_+1.5A_XTB2_SP.out","-193.658832521019","-198.041627707939","0.296662044237","0.005894653674","0.036983063414","-0.139203744842","4.382795186921"
"HalfShell\HS_pair_14_D9_+2.0A_XTB2_SP.out","-193.658607044782","-198.041402231096","0.296688898905","0.005866173849","0.03698302225","-0.13891570734","4.382795186314"
"HalfShell\HS_pair_14_D9_+3.0A_XTB2_SP.out","-193.658437619981","-198.04123280814","0.296727418208","0.005815417439","0.036982999007","-0.138631108347","4.382795188158"
"HalfShell\HS_pair_14_D9_+5.0A_XTB2_SP.out","-193.658432813172","-198.041227998673","0.296781822197","0.005738248317","0.036982710559","-0.138461405505","4.382795185502"
"HalfShell\HS_shell_XTB2_SP.out","-871.702233496904","-891.424977507261","1.318095013792","-0.003589281633","0.165996196361","-0.810066765456","19.722744010358"
"Pairs\Mono_01_D2_XTB2_SP.out","-96.829206597473","-99.020604184939","0.148476488681","0.002811891261","0.018489575191","-0.069194045558","2.191397587467"
"Pairs\Mono_02_D3_XTB2_SP.out","-96.829206614402","-99.020604201869","0.148476481294","0.002811902887","0.018489547984","-0.069194045632","2.191397587467"
"Pairs\Mono_03_D1_XTB2_SP.out","-96.829206720867","-99.020604316468","0.148476519384","0.002811832409","0.01848951879","-0.069194044772","2.191397595601"
"Pairs\Mono_04_D1_XTB2_SP.out","-96.829206693092","-99.020604288693","0.148476493087","0.002811831519","0.018489547705","-0.069194044607","2.191397595601"
"Pairs\Mono_05_D5_XTB2_SP.out","-96.829206691855","-99.020604291301","0.148476479801","0.002811842883","0.018489547549","-0.069194044705","2.191397599446"
"Pairs\Mono_06_D5_XTB2_SP.out","-96.829206681087","-99.020604272784","0.148476479224","0.002811844957","0.018489546906","-0.069194044908","2.191397591697"
"Pairs\Mono_07_D7_XTB2_SP.out","-96.829206688064","-99.020604284566","0.148476496369","0.002811834899","0.018489542065","-0.069194044814","2.191397596503"
"Pairs\Mono_08_D7_XTB2_SP.out","-96.829206656421","-99.020604252923","0.148476490917","0.002811832028","0.018489572188","-0.069194044803","2.191397596503"
"Pairs\Mono_09_D4_XTB2_SP.out","-96.82920664959","-99.020604237056","0.148476458441","0.002811880253","0.01848955051","-0.069194045373","2.191397587467"
"Pairs\Mono_10_D6_XTB2_SP.out","-96.829206675062","-99.020604263816","0.148476476062","0.002811880681","0.018489528541","-0.069194045468","2.191397588753"
"Pairs\Mono_11_D6_XTB2_SP.out","-96.829206570759","-99.020604159512","0.148476460085","0.002811914263","0.018489581387","-0.069194046054","2.191397588753"
"Pairs\Mono_12_D8_XTB2_SP.out","-96.82920665498","-99.020604254427","0.14847645265","0.002811843732","0.0184895809","-0.069194044529","2.191397599446"
"Pairs\Mono_13_D8_XTB2_SP.out","-96.829206641591","-99.020604233288","0.148476449082","0.002811853535","0.018489576604","-0.06919404464","2.191397591697"
"Pairs\Mono_14_D9_XTB2_SP.out","-96.829206667024","-99.020604254491","0.148476460191","0.0028118949","0.018489519385","-0.069194045437","2.191397587467"
"Pairs\Pair_01_D2_XTB2_SP.out","-193.685740445374","-198.068540332743","0.293276633734","0.005892020831","0.036951403504","-0.161435384152","4.382799887369"
"Pairs\Pair_02_D3_XTB2_SP.out","-193.685107544249","-198.067911856172","0.297206136511","8.9691232E-05","0.036914263276","-0.157734704673","4.382804311923"
"Pairs\Pair_03_D1_XTB2_SP.out","-193.681832271451","-198.064630849079","0.29584704309","0.001396113594","0.036909918184","-0.154351897432","4.382798577627"
"Pairs\Pair_04_D1_XTB2_SP.out","-193.681832239591","-198.064630817219","0.295847014259","0.001396134351","0.036909945175","-0.154351896789","4.382798577627"
"Pairs\Pair_05_D5_XTB2_SP.out","-193.671009908117","-198.053830713778","0.29597276156","0.003990274382","0.036939669819","-0.148348514585","4.382820805661"
"Pairs\Pair_06_D5_XTB2_SP.out","-193.671009889456","-198.053830687367","0.295972763095","0.00399028964","0.036939663239","-0.148348514923","4.382820797911"
"Pairs\Pair_07_D7_XTB2_SP.out","-193.668023736088","-198.050823490111","0.295849369442","0.005303050319","0.036969568526","-0.145966812249","4.382799754023"
"Pairs\Pair_08_D7_XTB2_SP.out","-193.66802370222","-198.050823456243","0.29584937023","0.00530304954","0.03696960213","-0.145966812747","4.382799754023"
"Pairs\Pair_09_D4_XTB2_SP.out","-193.666920683634","-198.049717005143","0.296239899681","0.006365160768","0.037012005234","-0.148009206477","4.382796321509"
"Pairs\Pair_10_D6_XTB2_SP.out","-193.66426271929","-198.047067638626","0.29637703854","0.005477095554","0.036989790023","-0.144071190553","4.382804919336"
"Pairs\Pair_11_D6_XTB2_SP.out","-193.664262616954","-198.04706753629","0.296377021461","0.005477128614","0.036989843068","-0.144071190558","4.382804919336"
"Pairs\Pair_12_D8_XTB2_SP.out","-193.661176732818","-198.043981631832","0.296655078316","0.006017715363","0.036970474302","-0.142385214122","4.382804899014"
"Pairs\Pair_13_D8_XTB2_SP.out","-193.661176720516","-198.043981611781","0.29665508346","0.006017711847","0.036970474441","-0.142385214294","4.382804891264"
"Pairs\Pair_14_D9_XTB2_SP.out","-193.661001951571","-198.043800787602","0.296504402586","0.005980880688","0.036983663967","-0.14164552709","4.382798836032"
