Dimer,Multiplicity,Crystal_DeltaEint_kcal_mol,DeltaE_0.5_kcal_mol,DeltaE_1.0_kcal_mol,DeltaE_1.5_kcal_mol,DeltaE_2.0_kcal_mol,DeltaE_3.0_kcal_mol,DeltaE_5.0_kcal_mol
D1,2,-14.695591831717588,-10.873974546402348,-7.316709858933593,-4.773516916037175,-3.0886162397695975,-1.3301861995978261,-0.33034593692001935
D2,1,-17.148091664902495,-13.398362555190891,-9.502547407601265,-6.5752203483899825,-4.579022299828546,-2.4143588159018496,-1.0175604023069218
D3,1,-16.750920756913473,-12.788022631422535,-9.156418521808213,-6.271440232137482,-4.0864481332618245,-1.306042665897026,0.7026970568269956
D4,1,-5.338476383776339,-4.376230659225907,-3.5856824580072644,-2.9272401177781617,-2.360738928277303,-1.4476630640006733,-0.4875452178033087
D5,2,-7.9044769680053495,-6.693264544120716,-5.282812459358196,-4.1224310890003375,-3.2259308874681274,-2.008003716889055,-0.8411699552705109
D6,2,-3.6705638259655493,-2.8843134936100845,-2.0139872016871037,-1.3569168293538736,-0.9097249386084607,-0.43261894331181033,-0.13848574982969003
D7,2,-6.030628112528205,-4.863150808582726,-3.6423792065551925,-2.685296755469567,-1.9903885219196253,-1.16417493494771,-0.37742728249827107
D8,2,-1.7340894496773775,-1.2490316606052376,-0.8310427806652639,-0.5531042136322095,-0.37914234746912984,-0.19908956688607074,-0.07955036749178532
D9,1,-1.6244050041995604,-1.2647301153133517,-0.9509099039575414,-0.6933930240595892,-0.4942378761713502,-0.24688073863084636,-0.07306258468937527
