Dimer,Distance_A,E_complex_Eh,E_monoA_Eh,E_monoB_Eh,DeltaEint_Eh,DeltaEint_kcal_mol,DeltaEint_kJ_mol,Multiplicity,Crystal_DeltaEint_kcal_mol,Crystal_DeltaEint_kJ_mol
D1,0.5,-193.67574210275,-96.82920664931,-96.82920667197,-0.017328781470013155,-10.873974546402348,-45.49670947650064,2,-14.695591831717588,-61.48635618924614
D1,1.0,-193.67007324063,-96.82920664931,-96.82920667197,-0.011659919349995107,-7.316709858933593,-30.613114032521345,2,-14.695591831717588,-61.48635618924614
D1,1.5,-193.6660204047,-96.82920664931,-96.82920667197,-0.007607083419998162,-4.773516916037175,-19.972394765440974,2,-14.695591831717588,-61.48635618924614
D1,2.0,-193.66333534456,-96.82920664931,-96.82920667197,-0.004922023280016674,-3.0886162397695975,-12.922770339911349,2,-14.695591831717588,-61.48635618924614
D1,3.0,-193.66053310792,-96.82920664931,-96.82920667197,-0.0021197866400086696,-1.3301861995978261,-5.5654990559799975,2,-14.695591831717588,-61.48635618924614
D1,5.0,-193.65893976104,-96.82920664931,-96.82920667197,-0.0005264397599944459,-0.33034593692001935,-1.3821673992942245,2,-14.695591831717588,-61.48635618924614
D2,0.5,-193.67976492286,-96.82920664846,-96.82920662457,-0.021351649829981056,-13.398362555190891,-56.05874889931802,1,-17.148091664902495,-71.74761548550747
D2,1.0,-193.67355654624,-96.82920664846,-96.82920662457,-0.01514327321000053,-9.502547407601265,-39.75865833099149,1,-17.148091664902495,-71.74761548550747
D2,1.5,-193.66889155363,-96.82920664846,-96.82920662457,-0.010478280599997447,-6.5752203483899825,-27.510721922155717,1,-17.148091664902495,-71.74761548550747
D2,2.0,-193.66571040955,-96.82920664846,-96.82920662457,-0.007297136519994751,-4.579022299828546,-19.158629291682796,1,-17.148091664902495,-71.74761548550747
D2,3.0,-193.66226079871,-96.82920664846,-96.82920662457,-0.0038475256800012403,-2.4143588159018496,-10.10167728003896,1,-17.148091664902495,-71.74761548550747
D2,5.0,-193.66003485875,-96.82920664846,-96.82920662457,-0.001621585720002372,-1.0175604023069218,-4.2574727208521965,1,-17.148091664902495,-71.74761548550747
D3,0.5,-193.67879229433,-96.82920664846,-96.82920663462,-0.0203790112500144,-12.788022631422535,-53.505086659710734,1,-16.750920756913473,-70.08585240741814
D3,1.0,-193.6730049648,-96.82920664846,-96.82920663462,-0.014591681719991811,-9.156418521808213,-38.31045507364971,1,-16.750920756913473,-70.08585240741814
D3,1.5,-193.66840745925,-96.82920664846,-96.82920663462,-0.00999417617001086,-6.271440232137482,-26.23970591647174,1,-16.750920756913473,-70.08585240741814
D3,2.0,-193.6649254527,-96.82920664846,-96.82920663462,-0.006512169620009445,-4.0864481332618245,-17.097698979929394,1,-16.750920756913473,-70.08585240741814
D3,3.0,-193.66049459455,-96.82920664846,-96.82920663462,-0.002081311469993352,-1.306042665897026,-5.464482511032793,1,-16.750920756913473,-70.08585240741814
D3,5.0,-193.65729346404,-96.82920664846,-96.82920663462,0.0011198190399852592,0.7026970568269956,2.9400844841068055,1,-16.750920756913473,-70.08585240741814
D4,0.5,-193.66538724746,-96.8292066304,-96.82920664959,-0.0069739674699889065,-4.376230659225907,-18.31014906787965,1,-5.338476383776339,-22.336185177129153
D4,1.0,-193.66412742871,-96.8292066304,-96.82920664959,-0.005714148720002754,-3.5856824580072644,-15.002495395845393,1,-5.338476383776339,-22.336185177129153
D4,1.5,-193.66307813405,-96.8292066304,-96.82920664959,-0.004664854060010271,-2.9272401177781617,-12.247572645879794,1,-5.338476383776339,-22.336185177129153
D4,2.0,-193.66217535694,-96.8292066304,-96.82920664959,-0.00376207694999664,-2.360738928277303,-9.877331670344322,1,-5.338476383776339,-22.336185177129153
D4,3.0,-193.66072027793,-96.8292066304,-96.82920664959,-0.0023069979400105467,-1.4476630640006733,-6.057022256364435,1,-5.338476383776339,-22.336185177129153
D4,5.0,-193.65919023275,-96.8292066304,-96.82920664959,-0.000776952760006111,-0.4875452178033087,-2.0398891901391454,1,-5.338476383776339,-22.336185177129153
D5,0.5,-193.66907971826,-96.8292066304,-96.82920669186,-0.010666396000019063,-6.693264544120716,-28.004618836814696,2,-7.9044769680053495,-33.0723316154913
D5,1.0,-193.66683201979,-96.8292066304,-96.82920669186,-0.008418697530018449,-5.282812459358196,-22.103287317494928,2,-7.9044769680053495,-33.0723316154913
D5,1.5,-193.66498283437,-96.8292066304,-96.82920669186,-0.006569512110004894,-4.1224310890003375,-17.248251666654465,2,-7.9044769680053495,-33.0723316154913
D5,2.0,-193.66355417036,-96.8292066304,-96.82920669186,-0.005140848099998152,-3.2259308874681274,-13.497294825558136,2,-7.9044769680053495,-33.0723316154913
D5,3.0,-193.66161327987,-96.8292066304,-96.82920669186,-0.0031999576100218974,-2.008003716889055,-8.401487546727836,2,-7.9044769680053495,-33.0723316154913
D5,5.0,-193.65975381191,-96.8292066304,-96.82920669186,-0.0013404896500190944,-0.8411699552705109,-3.5194550908678788,2,-7.9044769680053495,-33.0723316154913
D6,0.5,-193.66300964729,-96.8292066304,-96.82920657076,-0.004596446130022969,-2.8843134936100845,-12.067967650461805,2,-3.6705638259655493,-15.357639039182661
D6,1.0,-193.66162269406,-96.8292066304,-96.82920657076,-0.0032094928999981676,-2.0139872016871037,-8.42652244710876,2,-3.6705638259655493,-15.357639039182661
D6,1.5,-193.66057558577,-96.8292066304,-96.82920657076,-0.002162384610016943,-1.3569168293538736,-5.677340010816255,2,-3.6705638259655493,-15.357639039182661
D6,2.0,-193.65986294013,-96.8292066304,-96.82920657076,-0.0014497389700238728,-0.9097249386084607,-3.8062891409921704,2,-3.6705638259655493,-15.357639039182661
D6,3.0,-193.65910262333,-96.8292066304,-96.82920657076,-0.0006894221700122216,-0.43261894331181033,-1.810077657796262,2,-3.6705638259655493,-15.357639039182661
D6,5.0,-193.65863389225,-96.8292066304,-96.82920657076,-0.00022069109002131881,-0.13848574982969003,-0.579424376960798,2,-3.6705638259655493,-15.357639039182661
D7,0.5,-193.66616324258,-96.8292066304,-96.82920668806,-0.007749924120020069,-4.863150808582726,-20.347422971640157,2,-6.030628112528205,-25.23214800859449
D7,1.0,-193.6642178192,-96.8292066304,-96.82920668806,-0.005804500739998275,-3.6423792065551925,-15.239714591636202,2,-6.030628112528205,-25.23214800859449
D7,1.5,-193.66269261123,-96.8292066304,-96.82920668806,-0.004279292770007714,-2.685296755469567,-11.235281618551271,2,-6.030628112528205,-25.23214800859449
D7,2.0,-193.66158520447,-96.8292066304,-96.82920668806,-0.003171886009994296,-1.9903885219196253,-8.327785571017287,2,-6.030628112528205,-25.23214800859449
D7,3.0,-193.66026854931,-96.8292066304,-96.82920668806,-0.0018552308499977244,-1.16417493494771,-4.870907925075457,2,-6.030628112528205,-25.23214800859449
D7,5.0,-193.65901478712,-96.8292066304,-96.82920668806,-0.0006014686599939978,-0.37742728249827107,-1.579155749082586,2,-6.030628112528205,-25.23214800859449
D8,0.5,-193.66040374403,-96.8292066304,-96.82920665498,-0.0019904586499990273,-1.2490316606052376,-5.2259484650264145,2,-1.7340894496773775,-7.255430253360216
D8,1.0,-193.65973763635,-96.8292066304,-96.82920665498,-0.0013243509700089362,-0.8310427806652639,-3.4770829923434103,2,-1.7340894496773775,-7.255430253360216
D8,1.5,-193.65929471305,-96.8292066304,-96.82920665498,-0.000881427670009316,-0.5531042136322095,-2.3141880285326426,2,-1.7340894496773775,-7.255430253360216
D8,2.0,-193.65901748717,-96.8292066304,-96.82920665498,-0.0006042017899972052,-0.37914234746912984,-1.586331580916614,2,-1.7340894496773775,-7.255430253360216
D8,3.0,-193.6587305548,-96.8292066304,-96.82920665498,-0.00031726942000886993,-0.19908956688607074,-0.8329907473817579,2,-1.7340894496773775,-7.255430253360216
D8,5.0,-193.65854005696,-96.8292066304,-96.82920665498,-0.00012677157999974042,-0.07955036749178532,-0.3328387373980065,2,-1.7340894496773775,-7.255430253360216
D9,0.5,-193.66042877315,-96.8292066304,-96.82920666702,-0.0020154757299906123,-1.2647301153133517,-5.2916307994881375,1,-1.6244050041995604,-6.796510533739725
D9,1.0,-193.65992866881,-96.8292066304,-96.82920666702,-0.0015153713900133425,-0.9509099039575414,-3.978607035915587,1,-1.6244050041995604,-6.796510533739725
D9,1.5,-193.65951828954,-96.8292066304,-96.82920666702,-0.001104992119991266,-0.6933930240595892,-2.901156411029921,1,-1.6244050041995604,-6.796510533739725
D9,2.0,-193.65920091561,-96.8292066304,-96.82920666702,-0.0007876181900030588,-0.4942378761713502,-2.067891272735246,1,-1.6244050041995604,-6.796510533739725
D9,3.0,-193.65880672692,-96.8292066304,-96.82920666702,-0.00039342950000786914,-0.24688073863084636,-1.0329490098491814,1,-1.6244050041995604,-6.796510533739725
D9,5.0,-193.65852973006,-96.8292066304,-96.82920666702,-0.00011643263999872033,-0.07306258468937527,-0.3056938541680245,1,-1.6244050041995604,-6.796510533739725
