Dimer,Multiplicity,DeltaE_0A_kcal_mol,DeltaE_2A_kcal_mol,DeltaE_5A_kcal_mol,Loss_0to2A_kcal_mol,Loss_2to5A_kcal_mol,Loss_0to5A_kcal_mol,Frac_of_0to5_lost_by_2A_pct,Retained_at_2A_pct_of_E0,Retained_at_5A_pct_of_E0,Half_distance_A,Multiplicity_weighted_Loss_0to2A_kcal_mol(mult/2)
D1,2,-14.6956,-3.0886,-0.3303,11.6070,2.7583,14.3652,80.7990,21.0173,2.2479,0.9956,11.6070
D2,1,-17.1481,-4.5790,-1.0176,12.5691,3.5615,16.1305,77.9210,26.7028,5.9340,1.1586,6.2845
D3,1,-16.7509,-4.0864,0.7027,12.6645,4.7891,17.4536,72.5607,24.3954,-4.1950,1.1353,6.3322
D4,1,-5.3385,-2.3607,-0.4875,2.9777,1.8732,4.8509,61.3849,44.2212,9.1327,1.7277,1.4889
D5,2,-7.9045,-3.2259,-0.8412,4.6785,2.3848,7.0633,66.2373,40.8114,10.6417,1.5949,4.6785
D6,2,-3.6706,-0.9097,-0.1385,2.7608,0.7712,3.5321,78.1647,24.7843,3.7729,1.1360,2.7608
D7,2,-6.0306,-1.9904,-0.3774,4.0402,1.6130,5.6532,71.4682,33.0047,6.2585,1.3276,4.0402
D8,2,-1.7341,-0.3791,-0.0796,1.3549,0.2996,1.6545,81.8927,21.8641,4.5874,0.9569,1.3549
D9,1,-1.6244,-0.4942,-0.0731,1.1302,0.4212,1.5513,72.8509,30.4258,4.4978,1.2693,0.5651
