frame,E_AnS_Eh,E_A_Eh,E_nS_Eh,dE_AS_kcal
0,-266.99959072422,-97.24334492121,-169.75461023266,-1.026
1,-266.87637329421,-97.18875378041,-169.68599168936,-1.021
2,-266.8958626609,-97.18879682245,-169.7059865663,-0.677
3,-266.84783210411,-97.1791395925,-169.66797358965,-0.451
4,-266.89592557654,-97.18092589171,-169.71441381513,-0.368
5,-266.86446092602,-97.18004020543,-169.68368774883,-0.46
6,-266.87834547329,-97.17985188063,-169.69748662103,-0.632
7,-266.87865676608,-97.18674522806,-169.69023219187,-1.054
8,-266.87306085896,-97.19131227125,-169.67883211592,-1.83
9,-266.89823983816,-97.1935008261,-169.70260103571,-1.342
10,-266.88558082627,-97.19461188448,-169.68737005928,-2.258
11,-266.88032051287,-97.1899084425,-169.68644547193,-2.489
12,-266.88892461016,-97.18911194022,-169.69695060639,-1.796
13,-266.8959711553,-97.18764471668,-169.70578510996,-1.595
14,-266.88872546824,-97.19175839391,-169.69500255421,-1.233
15,-266.90522584348,-97.19283585636,-169.71073317854,-1.04
16,-266.89745250506,-97.18206786987,-169.7152656885,-0.075
17,-266.8677387413,-97.17763797622,-169.69054580348,0.279
18,-266.87250465049,-97.17852594654,-169.69185497876,-1.333
19,-266.87543258903,-97.18340885645,-169.68972363778,-1.443
20,-266.86095051823,-97.17788392106,-169.68188769,-0.74
21,-266.87766878042,-97.17994494381,-169.69470010173,-1.897
22,-266.87860476127,-97.18868606177,-169.68643948121,-2.183
23,-266.86270079574,-97.18474632282,-169.67593447904,-1.268
24,-266.9041844497,-97.18431429136,-169.71617059559,-2.322
25,-266.85942568954,-97.16738502481,-169.68897519833,-1.924
26,-266.86240460293,-97.17047326362,-169.69262279498,0.434
27,-266.8745451814,-97.1781438228,-169.69637045838,-0.019
28,-266.86635787927,-97.17381636606,-169.69120371832,-0.839
29,-266.89425104218,-97.19055186161,-169.70234511871,-0.85
30,-266.85761253924,-97.17490408531,-169.68176064167,-0.595
31,-266.91185729077,-97.18886201189,-169.72173851286,-0.789
32,-266.88509063062,-97.17562992332,-169.70058907505,-5.567
33,-266.89195997704,-97.18399568288,-169.70018571083,-4.881
34,-266.89368850425,-97.17763551264,-169.70839403205,-4.806
35,-266.90047502532,-97.18165660098,-169.7126369566,-3.879
36,-266.8907199708,-97.18297553836,-169.70327491927,-2.805
37,-266.87818735902,-97.17702988071,-169.69677355198,-2.751
38,-266.88847492526,-97.17559035549,-169.70940817212,-2.181
39,-266.88841571098,-97.17499932798,-169.71175686185,-1.041
40,-266.8565423875,-97.16340615746,-169.69177562933,-0.854
41,-266.87893515989,-97.18309302615,-169.69276143093,-1.933
42,-266.89380472585,-97.18478216484,-169.70627952439,-1.721
43,-266.89278911101,-97.18783669343,-169.69977330676,-3.25
44,-266.89518681822,-97.17802881094,-169.70950201388,-4.804
45,-266.87977031041,-97.17005543372,-169.70282991731,-4.32
46,-266.88394100574,-97.17731397233,-169.70082078174,-3.643
47,-266.88701924342,-97.18114394828,-169.70068000002,-3.26
48,-266.85284458237,-97.15850057634,-169.68686839656,-4.691
49,-266.90134200462,-97.18016565754,-169.71245324248,-5.474
50,-266.89150153562,-97.18374424149,-169.70256564876,-3.258
51,-266.93140250434,-97.18938936974,-169.72688303517,-9.494
52,-266.89803314494,-97.18744117344,-169.69654589042,-8.814
53,-266.92649386338,-97.18685040997,-169.72700745502,-7.929
54,-266.92361067139,-97.17030065482,-169.73655276305,-10.515
55,-266.92843354601,-97.19116329819,-169.72640512166,-6.818
56,-266.90774706961,-97.18322668935,-169.71175854146,-8.008
57,-266.90411533284,-97.17991964046,-169.7158058727,-5.265
58,-266.94390630853,-97.18105611978,-169.75719757451,-3.547
59,-266.88337142063,-97.16832734162,-169.7100422992,-3.139
60,-266.89960153893,-97.17813874,-169.71611707319,-3.354
61,-266.91720462059,-97.18696460428,-169.7251425623,-3.199
62,-266.90564308412,-97.18099627679,-169.72073448144,-2.455
63,-266.87570364039,-97.16794290921,-169.70366736832,-2.569
64,-266.89875228946,-97.18117078405,-169.7111333259,-4.046
65,-266.90416394012,-97.18591171155,-169.71267560761,-3.499
66,-266.93314481514,-97.19116404015,-169.73271521434,-5.814
67,-266.91044606549,-97.17519090611,-169.72228207554,-8.141
68,-266.93294916406,-97.18375781099,-169.73689278358,-7.717
69,-266.89084262635,-97.16957050548,-169.70862520999,-7.936
70,-266.91206929904,-97.17813433213,-169.71719825974,-10.502
71,-266.94049544443,-97.18002146276,-169.7415750909,-11.859
72,-266.93080706914,-97.17504731663,-169.73366267093,-13.866
73,-266.93199274682,-97.17748012055,-169.7321888401,-14.008
74,-266.91410474125,-97.17396371346,-169.71300975997,-17.025
75,-266.91644124607,-97.17487435523,-169.71621344497,-15.91
76,-266.92048961743,-97.16490781393,-169.73384126603,-13.642
77,-266.89410972558,-97.17044300023,-169.70176313909,-13.745
78,-266.9232984059,-97.17800014062,-169.72280850445,-14.113
79,-266.92690228378,-97.17392234242,-169.73025700693,-14.259
80,-266.91754063637,-97.17394018432,-169.71983815474,-14.911
81,-266.91472846685,-97.17881839087,-169.71204425676,-14.976
82,-266.95403724106,-97.19162456268,-169.73762508155,-15.554
83,-266.91419325835,-97.16702274855,-169.72460636861,-14.159
84,-266.91985033612,-97.17094057119,-169.72203008984,-16.867
85,-266.93385419513,-97.17404290843,-169.7284441665,-19.683
86,-266.88993056488,-97.16678366164,-169.69338796573,-18.674
87,-266.93489544297,-97.17719201674,-169.73275160465,-15.658
88,-266.93333584012,-97.1694543447,-169.74145729266,-14.071
89,-266.92561518215,-97.17839404186,-169.72550315678,-13.628
90,-266.91154707845,-97.17073863674,-169.71968397222,-13.256
91,-266.90996444448,-97.16207960713,-169.72301147603,-15.608
92,-266.93184488413,-97.16646902375,-169.73541582598,-18.8
93,-266.94904968494,-97.17815504098,-169.73683068128,-21.375
94,-266.91503280698,-97.16165355431,-169.7178881634,-22.271
95,-266.94741352368,-97.1892866289,-169.72991833252,-17.701
96,-266.91890495483,-97.17548328247,-169.71690813413,-16.637
97,-266.92198139524,-97.17576933923,-169.71932314842,-16.873
98,-266.91959346699,-97.17319858237,-169.72574636709,-12.957
99,-266.90291433959,-97.16221961802,-169.716857302,-14.958
100,-266.93311030304,-97.17339180951,-169.73461797577,-15.751
101,-266.93740631689,-97.18840423085,-169.72015298459,-18.103
102,-266.93303541101,-97.18024317234,-169.72486010635,-17.528
103,-266.94340203345,-97.17505191737,-169.73524790143,-20.772
104,-266.93822709519,-97.17853748535,-169.73077720588,-18.143
105,-266.93829167315,-97.16712752823,-169.73582076612,-22.178
106,-266.90203983392,-97.17303780435,-169.69478751672,-21.47
107,-266.94710571892,-97.18231683093,-169.7333891497,-19.704
108,-266.94873362206,-97.18061795939,-169.73960291201,-17.892
109,-266.92415358228,-97.16616382404,-169.7321592154,-16.209
110,-266.95087622567,-97.17883205006,-169.74820019189,-14.962
111,-266.93169961318,-97.16976184605,-169.73994855746,-13.798
112,-266.92239888163,-97.17364389916,-169.72937746372,-12.16
113,-266.92837403799,-97.18586999689,-169.71902314158,-14.734
114,-266.94373376308,-97.17745048247,-169.74955327329,-10.498
115,-266.87515358853,-97.16096477328,-169.70098368115,-8.286
116,-266.95575493145,-97.18126914895,-169.75270479245,-13.668
117,-266.94088316357,-97.1785795493,-169.7409588139,-13.394
118,-266.93762944187,-97.18877330485,-169.72843934169,-12.812
119,-266.94111185592,-97.18041727734,-169.73851924046,-13.915
120,-266.93491342023,-97.18162769468,-169.73029758278,-14.425
121,-266.89064750111,-97.15138572572,-169.71599941899,-14.597
122,-266.91504454991,-97.16964736196,-169.72229300628,-14.498
123,-266.95569940022,-97.1833247704,-169.74873930934,-14.831
124,-266.89823120357,-97.16507997723,-169.71257035117,-12.915
125,-266.93148393258,-97.17369304209,-169.73684999472,-13.141
126,-266.92949911711,-97.17933912287,-169.72679840336,-14.66
127,-266.92089475249,-97.17271283486,-169.72569709749,-14.109
128,-266.95579424052,-97.18751101565,-169.74243229916,-16.222
129,-266.95603137787,-97.18771979532,-169.73618033424,-20.163
130,-266.90577266037,-97.16444893526,-169.71076587003,-19.175
131,-266.92743945639,-97.16663317278,-169.72817992023,-20.473
132,-266.8891679641,-97.15335890577,-169.6979949169,-23.729
133,-266.9422081341,-97.16647013866,-169.74542352267,-19.023
134,-266.92911455171,-97.16032861133,-169.73971697482,-18.241
135,-266.89554741092,-97.15637718086,-169.70815220878,-19.464
136,-266.94438598967,-97.17462568482,-169.74128376861,-17.869
137,-266.9317038919,-97.17621335339,-169.72437411475,-19.526
138,-266.95852840626,-97.17802950038,-169.75113195439,-18.428
139,-266.92165058153,-97.17216253973,-169.7189421862,-19.168
140,-266.94874978072,-97.17154735216,-169.74258610299,-21.722
141,-266.92620364181,-97.16404919319,-169.73198490691,-18.932
142,-266.91363745137,-97.15420688829,-169.72771570398,-19.901
143,-266.94107388963,-97.16709428931,-169.74499615542,-18.187
144,-266.9238212093,-97.1718980204,-169.72261892345,-18.389
145,-266.89488528976,-97.16208464407,-169.70249491216,-19.017
146,-266.9116739034,-97.16664230984,-169.71185149421,-20.821
147,-266.92713105634,-97.1798227485,-169.71789084916,-18.46
148,-266.92606024584,-97.16944273906,-169.7286083013,-17.576
149,-266.91883790725,-97.17039096476,-169.72594230946,-14.122
150,-266.92549854145,-97.16973021656,-169.73197259871,-14.932
151,-266.93591827416,-97.1736181521,-169.73771542144,-15.427
152,-266.9376983115,-97.18010140177,-169.73144602143,-16.41
153,-266.88836549667,-97.15962574116,-169.70321863735,-16.015
154,-266.9298700855,-97.17245357449,-169.72946387744,-17.541
155,-266.9295767901,-97.16812207311,-169.73240483528,-18.229
156,-266.94253701952,-97.18644900491,-169.72837960973,-17.387
157,-266.93560641763,-97.16906124954,-169.74135550068,-15.807
158,-266.89826131753,-97.16315272519,-169.71044301409,-15.478
159,-266.94047878096,-97.16823633955,-169.74492179226,-17.144
160,-266.93744505232,-97.17850810662,-169.73214749577,-16.811
161,-266.9115245004,-97.16393431818,-169.71950974817,-17.621
162,-266.93045786489,-97.16910353204,-169.73608627378,-15.856
163,-266.90931130517,-97.18117824065,-169.70041216952,-17.395
164,-266.92547102885,-97.16744810855,-169.73020894753,-17.454
165,-266.91827656181,-97.16651943865,-169.72313845528,-17.958
166,-266.92630528646,-97.17175472491,-169.72042797215,-21.412
167,-266.89667391359,-97.16390483719,-169.69810330551,-21.753
168,-266.95234249323,-97.17540585623,-169.73645858537,-25.4
169,-266.94492264284,-97.1799048401,-169.72376654336,-25.886
170,-266.90343678284,-97.1653446526,-169.69915378802,-24.434
171,-266.91668136514,-97.16954185512,-169.71719329333,-18.792
172,-266.90059805434,-97.17061247871,-169.70543401177,-15.406
173,-266.91205616912,-97.17702067492,-169.70934324326,-16.122
174,-266.88635795705,-97.1673775797,-169.69346156667,-16.013
175,-266.92576631756,-97.18154785563,-169.7173548131,-16.857
176,-266.90857226396,-97.17850119345,-169.70404936051,-16.329
177,-266.91415881119,-97.18516086616,-169.69659634334,-20.332
178,-266.88664435199,-97.16494056513,-169.69079340096,-19.397
179,-266.87875561674,-97.1660292938,-169.68268830723,-18.849
180,-266.92973120011,-97.17418704305,-169.71498612316,-25.451
181,-266.93142609682,-97.16929701407,-169.72446996342,-23.631
182,-266.89192424965,-97.15913700152,-169.69852691394,-21.499
183,-266.93295421506,-97.17457663309,-169.72589187641,-20.385
184,-266.88696417117,-97.15898967274,-169.69718653553,-19.32
185,-266.91149068643,-97.17459545372,-169.70280800146,-21.39
186,-266.90602653355,-97.17752542396,-169.70028126777,-17.708
187,-266.92485691465,-97.17768552825,-169.71822550795,-18.164
188,-266.91299825851,-97.16291677125,-169.72340067407,-16.742
189,-266.93753801453,-97.17577577202,-169.73392465624,-17.468
190,-266.9472445237,-97.18238278354,-169.74081904458,-15.087
191,-266.92403918099,-97.1707877436,-169.72840001664,-15.595
192,-266.9318148079,-97.17458348643,-169.73215038383,-15.739
193,-266.9407167687,-97.17254939055,-169.74265357109,-16.01
194,-266.93995759064,-97.18401345297,-169.73379430614,-13.899
195,-266.9356377555,-97.1746670916,-169.73076307747,-18.956
196,-266.93193855961,-97.16789330415,-169.73504089537,-18.201
197,-266.90490212069,-97.16441144929,-169.70883336942,-19.865
198,-266.93518012023,-97.17284213735,-169.73237146409,-18.804
199,-266.93675558125,-97.18028099206,-169.73126011068,-15.822
200,-266.93714391954,-97.18172087017,-169.72423588623,-19.57
