Dj,Total_kcal,SCC_kcal,IsoES_kcal,AnisoES_kcal,AnisoXC_kcal,Disp_kcal,Repul_kcal,rest_kcal
D2a,-0.398257,-0.398257,-0.054945,-0.007866,-0.001443,-0.313676,0.000000,-0.020327
D1a,0.843562,0.843562,0.098201,-0.026370,0.001782,0.803539,0.000000,-0.033590
D1b,1.556473,1.556473,-0.150621,-0.074052,0.007220,1.710391,0.000000,0.063535
D5a,-0.054201,-0.054201,-0.024418,-0.028770,-0.002340,-0.008130,0.000000,0.009457
D5b,1.556474,1.556474,-0.150621,-0.074052,0.007220,1.710391,-0.000000,0.063536
D7a,0.461960,0.461960,0.065567,0.048861,-0.000815,0.305002,0.000000,0.043345
D7b,0.243495,0.243495,0.061401,-0.023084,-0.002328,0.208411,0.000000,-0.000905
D4,-0.072513,-0.072513,0.021526,-0.029838,0.001371,-0.050381,0.000000,-0.015192
D6a,0.023035,0.023035,0.013756,0.006603,-0.001282,0.007272,-0.000000,-0.003314
D6b,0.460955,0.460955,0.053654,0.033350,-0.001383,0.371907,-0.000000,0.003427
D8a,0.054804,0.054804,0.012147,-0.011904,0.000373,0.037420,0.000000,0.016769
D8b,0.843562,0.843562,0.098201,-0.026370,0.001782,0.803539,0.000000,-0.033590
D9,0.460955,0.460955,0.053654,0.033349,-0.001383,0.371907,-0.000000,0.003427
SUM,5.980304,5.980304,0.097504,-0.180145,0.008774,5.957591,-0.000000,0.096579
